{
    "id": "dsa-macros",
    "name": "dsa-macros",
    "title": "DSA 4.1 Macros",
    "description": "A collection of macros and utilities for DSA 4.1 in Foundry VTT",
    "version": "1.0.1",
    "authors": [
        {
            "id": "david",
            "name": "David"
        }
    ],
    "minimumCoreVersion": "10",
    "compatibleCoreVersion": "10",
    "compatibility": {
        "minimum": 10,
        "verified": 10
    },
    "relationships": {
        "systems": [
            {
                "id": "dsa-41",
                "type": "system",
                "manifest": "https://gitlab.com/foundry-vtt-dsa/dsa-4.1-core/dsa-4.1-system/-/raw/master/package.json"
            }
        ]
    },
    "esmodules": [
        "./scripts/init.js"
    ],
    "styles": [
        "./styles/dsa-macros.css"
    ],
    "languages": [
        {
            "lang": "de",
            "name": "Deutsch",
            "path": "./lang/de.json"
        }
    ],
    "socket": true,
    "url": "https://github.com/Pseudomolch/DSA-macros",
    "manifest": "https://raw.githubusercontent.com/Pseudomolch/DSA-macros/main/module.json",
    "download": "https://github.com/Pseudomolch/DSA-macros/releases/download/v1.0.1/dsa-macros-v1.0.1.zip"
}
